Date,Type,Value,Difference,DifferenceText
2021-01,approve,55.0,20.0,Approve +20.0%
2021-01,disapprove,35.0,20.0,Approve +20.0%
2021-01,approve_var,54.2,20.0,Approve +20.0%
2021-01,approve_var,57.3,20.0,Approve +20.0%
2021-01,approve_var,52.1,20.0,Approve +20.0%
2021-01,approve_var,54.0,20.0,Approve +20.0%
2021-01,approve_var,57.1,20.0,Approve +20.0%
2021-01,approve_var,57.2,20.0,Approve +20.0%
2021-01,approve_var,52.2,20.0,Approve +20.0%
2021-01,approve_var,52.3,20.0,Approve +20.0%
2021-01,approve_var,56.7,20.0,Approve +20.0%
2021-01,approve_var,53.2,20.0,Approve +20.0%
2021-01,disapprove_var,37.3,20.0,Approve +20.0%
2021-01,disapprove_var,34.5,20.0,Approve +20.0%
2021-01,disapprove_var,33.0,20.0,Approve +20.0%
2021-01,disapprove_var,33.7,20.0,Approve +20.0%
2021-01,disapprove_var,32.3,20.0,Approve +20.0%
2021-01,disapprove_var,34.8,20.0,Approve +20.0%
2021-01,disapprove_var,33.4,20.0,Approve +20.0%
2021-01,disapprove_var,37.7,20.0,Approve +20.0%
2021-01,disapprove_var,35.5,20.0,Approve +20.0%
2021-01,disapprove_var,35.1,20.0,Approve +20.0%
2021-02,approve,54.6,19.2,Approve +19.2%
2021-02,disapprove,35.4,19.2,Approve +19.2%
2021-02,approve_var,56.5,19.2,Approve +19.2%
2021-02,approve_var,54.3,19.2,Approve +19.2%
2021-02,approve_var,53.7,19.2,Approve +19.2%
2021-02,approve_var,52.4,19.2,Approve +19.2%
2021-02,approve_var,53.5,19.2,Approve +19.2%
2021-02,approve_var,55.5,19.2,Approve +19.2%
2021-02,approve_var,54.8,19.2,Approve +19.2%
2021-02,approve_var,55.4,19.2,Approve +19.2%
2021-02,approve_var,56.6,19.2,Approve +19.2%
2021-02,approve_var,55.0,19.2,Approve +19.2%
2021-02,disapprove_var,34.7,19.2,Approve +19.2%
2021-02,disapprove_var,36.3,19.2,Approve +19.2%
2021-02,disapprove_var,37.2,19.2,Approve +19.2%
2021-02,disapprove_var,33.6,19.2,Approve +19.2%
2021-02,disapprove_var,34.2,19.2,Approve +19.2%
2021-02,disapprove_var,35.6,19.2,Approve +19.2%
2021-02,disapprove_var,36.1,19.2,Approve +19.2%
2021-02,disapprove_var,34.1,19.2,Approve +19.2%
2021-02,disapprove_var,32.8,19.2,Approve +19.2%
2021-02,disapprove_var,34.0,19.2,Approve +19.2%
2021-03,approve,54.3,18.4,Approve +18.4%
2021-03,disapprove,35.9,18.4,Approve +18.4%
2021-03,approve_var,56.3,18.4,Approve +18.4%
2021-03,approve_var,52.5,18.4,Approve +18.4%
2021-03,approve_var,54.5,18.4,Approve +18.4%
2021-03,approve_var,57.2,18.4,Approve +18.4%
2021-03,approve_var,51.3,18.4,Approve +18.4%
2021-03,approve_var,52.8,18.4,Approve +18.4%
2021-03,approve_var,53.5,18.4,Approve +18.4%
2021-03,approve_var,53.2,18.4,Approve +18.4%
2021-03,approve_var,54.9,18.4,Approve +18.4%
2021-03,approve_var,54.6,18.4,Approve +18.4%
2021-03,disapprove_var,33.1,18.4,Approve +18.4%
2021-03,disapprove_var,37.7,18.4,Approve +18.4%
2021-03,disapprove_var,33.4,18.4,Approve +18.4%
2021-03,disapprove_var,33.1,18.4,Approve +18.4%
2021-03,disapprove_var,34.9,18.4,Approve +18.4%
2021-03,disapprove_var,36.0,18.4,Approve +18.4%
2021-03,disapprove_var,34.9,18.4,Approve +18.4%
2021-03,disapprove_var,36.5,18.4,Approve +18.4%
2021-03,disapprove_var,36.9,18.4,Approve +18.4%
2021-03,disapprove_var,33.4,18.4,Approve +18.4%
2021-04,approve,53.9,17.6,Approve +17.6%
2021-04,disapprove,36.3,17.6,Approve +17.6%
2021-04,approve_var,53.8,17.6,Approve +17.6%
2021-04,approve_var,54.6,17.6,Approve +17.6%
2021-04,approve_var,53.8,17.6,Approve +17.6%
2021-04,approve_var,51.5,17.6,Approve +17.6%
2021-04,approve_var,56.1,17.6,Approve +17.6%
2021-04,approve_var,55.2,17.6,Approve +17.6%
2021-04,approve_var,52.7,17.6,Approve +17.6%
2021-04,approve_var,51.1,17.6,Approve +17.6%
2021-04,approve_var,54.1,17.6,Approve +17.6%
2021-04,approve_var,51.1,17.6,Approve +17.6%
2021-04,disapprove_var,37.8,17.6,Approve +17.6%
2021-04,disapprove_var,39.1,17.6,Approve +17.6%
2021-04,disapprove_var,38.4,17.6,Approve +17.6%
2021-04,disapprove_var,34.4,17.6,Approve +17.6%
2021-04,disapprove_var,36.4,17.6,Approve +17.6%
2021-04,disapprove_var,37.1,17.6,Approve +17.6%
2021-04,disapprove_var,38.1,17.6,Approve +17.6%
2021-04,disapprove_var,37.3,17.6,Approve +17.6%
2021-04,disapprove_var,39.1,17.6,Approve +17.6%
2021-04,disapprove_var,36.2,17.6,Approve +17.6%
2021-05,approve,53.6,16.8,Approve +16.8%
2021-05,disapprove,36.8,16.8,Approve +16.8%
2021-05,approve_var,52.7,16.8,Approve +16.8%
2021-05,approve_var,50.7,16.8,Approve +16.8%
2021-05,approve_var,54.7,16.8,Approve +16.8%
2021-05,approve_var,53.7,16.8,Approve +16.8%
2021-05,approve_var,52.2,16.8,Approve +16.8%
2021-05,approve_var,56.2,16.8,Approve +16.8%
2021-05,approve_var,54.7,16.8,Approve +16.8%
2021-05,approve_var,56.4,16.8,Approve +16.8%
2021-05,approve_var,50.7,16.8,Approve +16.8%
2021-05,approve_var,52.8,16.8,Approve +16.8%
2021-05,disapprove_var,37.5,16.8,Approve +16.8%
2021-05,disapprove_var,38.1,16.8,Approve +16.8%
2021-05,disapprove_var,38.1,16.8,Approve +16.8%
2021-05,disapprove_var,38.3,16.8,Approve +16.8%
2021-05,disapprove_var,35.3,16.8,Approve +16.8%
2021-05,disapprove_var,33.8,16.8,Approve +16.8%
2021-05,disapprove_var,39.3,16.8,Approve +16.8%
2021-05,disapprove_var,38.9,16.8,Approve +16.8%
2021-05,disapprove_var,38.3,16.8,Approve +16.8%
2021-05,disapprove_var,37.2,16.8,Approve +16.8%
2021-06,approve,53.2,16.0,Approve +16.0%
2021-06,disapprove,37.2,16.0,Approve +16.0%
2021-06,approve_var,54.9,16.0,Approve +16.0%
2021-06,approve_var,52.8,16.0,Approve +16.0%
2021-06,approve_var,51.4,16.0,Approve +16.0%
2021-06,approve_var,50.5,16.0,Approve +16.0%
2021-06,approve_var,51.4,16.0,Approve +16.0%
2021-06,approve_var,55.6,16.0,Approve +16.0%
2021-06,approve_var,55.1,16.0,Approve +16.0%
2021-06,approve_var,55.5,16.0,Approve +16.0%
2021-06,approve_var,51.1,16.0,Approve +16.0%
2021-06,approve_var,55.8,16.0,Approve +16.0%
2021-06,disapprove_var,37.3,16.0,Approve +16.0%
2021-06,disapprove_var,39.2,16.0,Approve +16.0%
2021-06,disapprove_var,38.8,16.0,Approve +16.0%
2021-06,disapprove_var,37.1,16.0,Approve +16.0%
2021-06,disapprove_var,35.3,16.0,Approve +16.0%
2021-06,disapprove_var,40.0,16.0,Approve +16.0%
2021-06,disapprove_var,36.4,16.0,Approve +16.0%
2021-06,disapprove_var,35.4,16.0,Approve +16.0%
2021-06,disapprove_var,38.3,16.0,Approve +16.0%
2021-06,disapprove_var,34.6,16.0,Approve +16.0%
2021-07,approve,52.9,15.2,Approve +15.2%
2021-07,disapprove,37.6,15.2,Approve +15.2%
2021-07,approve_var,50.4,15.2,Approve +15.2%
2021-07,approve_var,50.3,15.2,Approve +15.2%
2021-07,approve_var,53.6,15.2,Approve +15.2%
2021-07,approve_var,50.3,15.2,Approve +15.2%
2021-07,approve_var,51.1,15.2,Approve +15.2%
2021-07,approve_var,54.8,15.2,Approve +15.2%
2021-07,approve_var,55.6,15.2,Approve +15.2%
2021-07,approve_var,50.2,15.2,Approve +15.2%
2021-07,approve_var,55.2,15.2,Approve +15.2%
2021-07,approve_var,51.0,15.2,Approve +15.2%
2021-07,disapprove_var,38.9,15.2,Approve +15.2%
2021-07,disapprove_var,38.5,15.2,Approve +15.2%
2021-07,disapprove_var,35.4,15.2,Approve +15.2%
2021-07,disapprove_var,37.7,15.2,Approve +15.2%
2021-07,disapprove_var,35.8,15.2,Approve +15.2%
2021-07,disapprove_var,35.5,15.2,Approve +15.2%
2021-07,disapprove_var,34.8,15.2,Approve +15.2%
2021-07,disapprove_var,36.9,15.2,Approve +15.2%
2021-07,disapprove_var,38.6,15.2,Approve +15.2%
2021-07,disapprove_var,36.5,15.2,Approve +15.2%
2021-08,approve,52.5,14.5,Approve +14.5%
2021-08,disapprove,38.1,14.5,Approve +14.5%
2021-08,approve_var,51.5,14.5,Approve +14.5%
2021-08,approve_var,52.0,14.5,Approve +14.5%
2021-08,approve_var,53.0,14.5,Approve +14.5%
2021-08,approve_var,52.3,14.5,Approve +14.5%
2021-08,approve_var,51.0,14.5,Approve +14.5%
2021-08,approve_var,51.7,14.5,Approve +14.5%
2021-08,approve_var,52.2,14.5,Approve +14.5%
2021-08,approve_var,52.2,14.5,Approve +14.5%
2021-08,approve_var,53.2,14.5,Approve +14.5%
2021-08,approve_var,51.9,14.5,Approve +14.5%
2021-08,disapprove_var,39.1,14.5,Approve +14.5%
2021-08,disapprove_var,40.7,14.5,Approve +14.5%
2021-08,disapprove_var,40.2,14.5,Approve +14.5%
2021-08,disapprove_var,35.2,14.5,Approve +14.5%
2021-08,disapprove_var,35.3,14.5,Approve +14.5%
2021-08,disapprove_var,36.5,14.5,Approve +14.5%
2021-08,disapprove_var,38.5,14.5,Approve +14.5%
2021-08,disapprove_var,39.2,14.5,Approve +14.5%
2021-08,disapprove_var,37.0,14.5,Approve +14.5%
2021-08,disapprove_var,35.7,14.5,Approve +14.5%
2021-09,approve,52.2,13.7,Approve +13.7%
2021-09,disapprove,38.5,13.7,Approve +13.7%
2021-09,approve_var,51.1,13.7,Approve +13.7%
2021-09,approve_var,54.9,13.7,Approve +13.7%
2021-09,approve_var,52.6,13.7,Approve +13.7%
2021-09,approve_var,49.6,13.7,Approve +13.7%
2021-09,approve_var,52.4,13.7,Approve +13.7%
2021-09,approve_var,49.9,13.7,Approve +13.7%
2021-09,approve_var,52.7,13.7,Approve +13.7%
2021-09,approve_var,51.8,13.7,Approve +13.7%
2021-09,approve_var,50.7,13.7,Approve +13.7%
2021-09,approve_var,51.9,13.7,Approve +13.7%
2021-09,disapprove_var,39.4,13.7,Approve +13.7%
2021-09,disapprove_var,38.6,13.7,Approve +13.7%
2021-09,disapprove_var,36.0,13.7,Approve +13.7%
2021-09,disapprove_var,37.0,13.7,Approve +13.7%
2021-09,disapprove_var,39.9,13.7,Approve +13.7%
2021-09,disapprove_var,38.8,13.7,Approve +13.7%
2021-09,disapprove_var,36.6,13.7,Approve +13.7%
2021-09,disapprove_var,39.6,13.7,Approve +13.7%
2021-09,disapprove_var,39.9,13.7,Approve +13.7%
2021-09,disapprove_var,38.9,13.7,Approve +13.7%
2021-10,approve,51.8,12.9,Approve +12.9%
2021-10,disapprove,38.9,12.9,Approve +12.9%
2021-10,approve_var,52.2,12.9,Approve +12.9%
2021-10,approve_var,50.9,12.9,Approve +12.9%
2021-10,approve_var,50.7,12.9,Approve +12.9%
2021-10,approve_var,54.1,12.9,Approve +12.9%
2021-10,approve_var,54.5,12.9,Approve +12.9%
2021-10,approve_var,54.5,12.9,Approve +12.9%
2021-10,approve_var,54.6,12.9,Approve +12.9%
2021-10,approve_var,52.1,12.9,Approve +12.9%
2021-10,approve_var,51.4,12.9,Approve +12.9%
2021-10,approve_var,52.6,12.9,Approve +12.9%
2021-10,disapprove_var,41.9,12.9,Approve +12.9%
2021-10,disapprove_var,36.3,12.9,Approve +12.9%
2021-10,disapprove_var,37.2,12.9,Approve +12.9%
2021-10,disapprove_var,40.7,12.9,Approve +12.9%
2021-10,disapprove_var,37.8,12.9,Approve +12.9%
2021-10,disapprove_var,38.0,12.9,Approve +12.9%
2021-10,disapprove_var,41.0,12.9,Approve +12.9%
2021-10,disapprove_var,39.2,12.9,Approve +12.9%
2021-10,disapprove_var,38.8,12.9,Approve +12.9%
2021-10,disapprove_var,38.2,12.9,Approve +12.9%
2021-11,approve,51.5,12.1,Approve +12.1%
2021-11,disapprove,39.4,12.1,Approve +12.1%
2021-11,approve_var,49.3,12.1,Approve +12.1%
2021-11,approve_var,54.1,12.1,Approve +12.1%
2021-11,approve_var,48.7,12.1,Approve +12.1%
2021-11,approve_var,51.3,12.1,Approve +12.1%
2021-11,approve_var,52.9,12.1,Approve +12.1%
2021-11,approve_var,54.1,12.1,Approve +12.1%
2021-11,approve_var,53.5,12.1,Approve +12.1%
2021-11,approve_var,49.1,12.1,Approve +12.1%
2021-11,approve_var,49.2,12.1,Approve +12.1%
2021-11,approve_var,51.3,12.1,Approve +12.1%
2021-11,disapprove_var,40.8,12.1,Approve +12.1%
2021-11,disapprove_var,41.2,12.1,Approve +12.1%
2021-11,disapprove_var,38.7,12.1,Approve +12.1%
2021-11,disapprove_var,37.5,12.1,Approve +12.1%
2021-11,disapprove_var,41.7,12.1,Approve +12.1%
2021-11,disapprove_var,40.7,12.1,Approve +12.1%
2021-11,disapprove_var,40.9,12.1,Approve +12.1%
2021-11,disapprove_var,38.8,12.1,Approve +12.1%
2021-11,disapprove_var,37.4,12.1,Approve +12.1%
2021-11,disapprove_var,41.2,12.1,Approve +12.1%
2021-12,approve,51.1,11.3,Approve +11.3%
2021-12,disapprove,39.8,11.3,Approve +11.3%
2021-12,approve_var,50.9,11.3,Approve +11.3%
2021-12,approve_var,51.3,11.3,Approve +11.3%
2021-12,approve_var,54.0,11.3,Approve +11.3%
2021-12,approve_var,53.1,11.3,Approve +11.3%
2021-12,approve_var,50.0,11.3,Approve +11.3%
2021-12,approve_var,53.0,11.3,Approve +11.3%
2021-12,approve_var,53.9,11.3,Approve +11.3%
2021-12,approve_var,52.0,11.3,Approve +11.3%
2021-12,approve_var,48.5,11.3,Approve +11.3%
2021-12,approve_var,48.5,11.3,Approve +11.3%
2021-12,disapprove_var,39.7,11.3,Approve +11.3%
2021-12,disapprove_var,37.1,11.3,Approve +11.3%
2021-12,disapprove_var,38.6,11.3,Approve +11.3%
2021-12,disapprove_var,39.2,11.3,Approve +11.3%
2021-12,disapprove_var,38.0,11.3,Approve +11.3%
2021-12,disapprove_var,40.0,11.3,Approve +11.3%
2021-12,disapprove_var,40.3,11.3,Approve +11.3%
2021-12,disapprove_var,42.6,11.3,Approve +11.3%
2021-12,disapprove_var,37.0,11.3,Approve +11.3%
2021-12,disapprove_var,41.9,11.3,Approve +11.3%
2022-01,approve,50.8,10.5,Approve +10.5%
2022-01,disapprove,40.2,10.5,Approve +10.5%
2022-01,approve_var,50.0,10.5,Approve +10.5%
2022-01,approve_var,51.6,10.5,Approve +10.5%
2022-01,approve_var,52.5,10.5,Approve +10.5%
2022-01,approve_var,49.8,10.5,Approve +10.5%
2022-01,approve_var,51.5,10.5,Approve +10.5%
2022-01,approve_var,50.6,10.5,Approve +10.5%
2022-01,approve_var,51.0,10.5,Approve +10.5%
2022-01,approve_var,53.2,10.5,Approve +10.5%
2022-01,approve_var,51.0,10.5,Approve +10.5%
2022-01,approve_var,49.7,10.5,Approve +10.5%
2022-01,disapprove_var,39.6,10.5,Approve +10.5%
2022-01,disapprove_var,42.4,10.5,Approve +10.5%
2022-01,disapprove_var,41.2,10.5,Approve +10.5%
2022-01,disapprove_var,41.9,10.5,Approve +10.5%
2022-01,disapprove_var,41.4,10.5,Approve +10.5%
2022-01,disapprove_var,41.2,10.5,Approve +10.5%
2022-01,disapprove_var,42.0,10.5,Approve +10.5%
2022-01,disapprove_var,40.5,10.5,Approve +10.5%
2022-01,disapprove_var,39.8,10.5,Approve +10.5%
2022-01,disapprove_var,43.2,10.5,Approve +10.5%
2022-02,approve,50.4,9.7,Approve +9.7%
2022-02,disapprove,40.7,9.7,Approve +9.7%
2022-02,approve_var,49.0,9.7,Approve +9.7%
2022-02,approve_var,50.0,9.7,Approve +9.7%
2022-02,approve_var,50.9,9.7,Approve +9.7%
2022-02,approve_var,47.5,9.7,Approve +9.7%
2022-02,approve_var,50.7,9.7,Approve +9.7%
2022-02,approve_var,49.2,9.7,Approve +9.7%
2022-02,approve_var,48.6,9.7,Approve +9.7%
2022-02,approve_var,52.4,9.7,Approve +9.7%
2022-02,approve_var,53.1,9.7,Approve +9.7%
2022-02,approve_var,49.6,9.7,Approve +9.7%
2022-02,disapprove_var,40.1,9.7,Approve +9.7%
2022-02,disapprove_var,39.9,9.7,Approve +9.7%
2022-02,disapprove_var,42.0,9.7,Approve +9.7%
2022-02,disapprove_var,40.3,9.7,Approve +9.7%
2022-02,disapprove_var,38.1,9.7,Approve +9.7%
2022-02,disapprove_var,42.1,9.7,Approve +9.7%
2022-02,disapprove_var,43.4,9.7,Approve +9.7%
2022-02,disapprove_var,39.8,9.7,Approve +9.7%
2022-02,disapprove_var,42.3,9.7,Approve +9.7%
2022-02,disapprove_var,43.0,9.7,Approve +9.7%
2022-03,approve,50.0,8.9,Approve +8.9%
2022-03,disapprove,41.1,8.9,Approve +8.9%
2022-03,approve_var,51.1,8.9,Approve +8.9%
2022-03,approve_var,47.3,8.9,Approve +8.9%
2022-03,approve_var,48.3,8.9,Approve +8.9%
2022-03,approve_var,52.1,8.9,Approve +8.9%
2022-03,approve_var,52.7,8.9,Approve +8.9%
2022-03,approve_var,52.5,8.9,Approve +8.9%
2022-03,approve_var,48.7,8.9,Approve +8.9%
2022-03,approve_var,50.8,8.9,Approve +8.9%
2022-03,approve_var,52.4,8.9,Approve +8.9%
2022-03,approve_var,49.0,8.9,Approve +8.9%
2022-03,disapprove_var,38.6,8.9,Approve +8.9%
2022-03,disapprove_var,41.9,8.9,Approve +8.9%
2022-03,disapprove_var,41.2,8.9,Approve +8.9%
2022-03,disapprove_var,41.2,8.9,Approve +8.9%
2022-03,disapprove_var,38.4,8.9,Approve +8.9%
2022-03,disapprove_var,43.3,8.9,Approve +8.9%
2022-03,disapprove_var,42.1,8.9,Approve +8.9%
2022-03,disapprove_var,39.5,8.9,Approve +8.9%
2022-03,disapprove_var,38.4,8.9,Approve +8.9%
2022-03,disapprove_var,44.0,8.9,Approve +8.9%
2022-04,approve,49.7,8.1,Approve +8.1%
2022-04,disapprove,41.6,8.1,Approve +8.1%
2022-04,approve_var,47.0,8.1,Approve +8.1%
2022-04,approve_var,49.7,8.1,Approve +8.1%
2022-04,approve_var,49.3,8.1,Approve +8.1%
2022-04,approve_var,49.2,8.1,Approve +8.1%
2022-04,approve_var,49.0,8.1,Approve +8.1%
2022-04,approve_var,49.8,8.1,Approve +8.1%
2022-04,approve_var,49.4,8.1,Approve +8.1%
2022-04,approve_var,50.1,8.1,Approve +8.1%
2022-04,approve_var,49.4,8.1,Approve +8.1%
2022-04,approve_var,51.7,8.1,Approve +8.1%
2022-04,disapprove_var,42.5,8.1,Approve +8.1%
2022-04,disapprove_var,41.3,8.1,Approve +8.1%
2022-04,disapprove_var,39.8,8.1,Approve +8.1%
2022-04,disapprove_var,40.1,8.1,Approve +8.1%
2022-04,disapprove_var,43.9,8.1,Approve +8.1%
2022-04,disapprove_var,44.0,8.1,Approve +8.1%
2022-04,disapprove_var,39.3,8.1,Approve +8.1%
2022-04,disapprove_var,42.3,8.1,Approve +8.1%
2022-04,disapprove_var,41.9,8.1,Approve +8.1%
2022-04,disapprove_var,41.6,8.1,Approve +8.1%
2022-05,approve,49.3,7.3,Approve +7.3%
2022-05,disapprove,42.0,7.3,Approve +7.3%
2022-05,approve_var,47.4,7.3,Approve +7.3%
2022-05,approve_var,47.4,7.3,Approve +7.3%
2022-05,approve_var,50.4,7.3,Approve +7.3%
2022-05,approve_var,47.0,7.3,Approve +7.3%
2022-05,approve_var,52.1,7.3,Approve +7.3%
2022-05,approve_var,51.8,7.3,Approve +7.3%
2022-05,approve_var,52.1,7.3,Approve +7.3%
2022-05,approve_var,46.6,7.3,Approve +7.3%
2022-05,approve_var,50.3,7.3,Approve +7.3%
2022-05,approve_var,48.9,7.3,Approve +7.3%
2022-05,disapprove_var,43.8,7.3,Approve +7.3%
2022-05,disapprove_var,39.7,7.3,Approve +7.3%
2022-05,disapprove_var,39.9,7.3,Approve +7.3%
2022-05,disapprove_var,42.8,7.3,Approve +7.3%
2022-05,disapprove_var,41.5,7.3,Approve +7.3%
2022-05,disapprove_var,44.2,7.3,Approve +7.3%
2022-05,disapprove_var,44.8,7.3,Approve +7.3%
2022-05,disapprove_var,39.3,7.3,Approve +7.3%
2022-05,disapprove_var,39.3,7.3,Approve +7.3%
2022-05,disapprove_var,41.1,7.3,Approve +7.3%
2022-06,approve,49.0,6.5,Approve +6.5%
2022-06,disapprove,42.4,6.5,Approve +6.5%
2022-06,approve_var,47.2,6.5,Approve +6.5%
2022-06,approve_var,48.7,6.5,Approve +6.5%
2022-06,approve_var,46.4,6.5,Approve +6.5%
2022-06,approve_var,50.6,6.5,Approve +6.5%
2022-06,approve_var,47.7,6.5,Approve +6.5%
2022-06,approve_var,50.2,6.5,Approve +6.5%
2022-06,approve_var,46.0,6.5,Approve +6.5%
2022-06,approve_var,48.0,6.5,Approve +6.5%
2022-06,approve_var,51.6,6.5,Approve +6.5%
2022-06,approve_var,46.1,6.5,Approve +6.5%
2022-06,disapprove_var,40.2,6.5,Approve +6.5%
2022-06,disapprove_var,41.6,6.5,Approve +6.5%
2022-06,disapprove_var,43.1,6.5,Approve +6.5%
2022-06,disapprove_var,40.0,6.5,Approve +6.5%
2022-06,disapprove_var,44.6,6.5,Approve +6.5%
2022-06,disapprove_var,40.4,6.5,Approve +6.5%
2022-06,disapprove_var,42.1,6.5,Approve +6.5%
2022-06,disapprove_var,40.9,6.5,Approve +6.5%
2022-06,disapprove_var,41.2,6.5,Approve +6.5%
2022-06,disapprove_var,42.8,6.5,Approve +6.5%
2022-07,approve,48.6,5.8,Approve +5.8%
2022-07,disapprove,42.9,5.8,Approve +5.8%
2022-07,approve_var,46.9,5.8,Approve +5.8%
2022-07,approve_var,51.2,5.8,Approve +5.8%
2022-07,approve_var,47.2,5.8,Approve +5.8%
2022-07,approve_var,45.8,5.8,Approve +5.8%
2022-07,approve_var,45.8,5.8,Approve +5.8%
2022-07,approve_var,47.5,5.8,Approve +5.8%
2022-07,approve_var,47.7,5.8,Approve +5.8%
2022-07,approve_var,47.6,5.8,Approve +5.8%
2022-07,approve_var,49.0,5.8,Approve +5.8%
2022-07,approve_var,50.0,5.8,Approve +5.8%
2022-07,disapprove_var,41.2,5.8,Approve +5.8%
2022-07,disapprove_var,44.8,5.8,Approve +5.8%
2022-07,disapprove_var,40.5,5.8,Approve +5.8%
2022-07,disapprove_var,40.1,5.8,Approve +5.8%
2022-07,disapprove_var,41.6,5.8,Approve +5.8%
2022-07,disapprove_var,43.7,5.8,Approve +5.8%
2022-07,disapprove_var,45.7,5.8,Approve +5.8%
2022-07,disapprove_var,40.4,5.8,Approve +5.8%
2022-07,disapprove_var,42.9,5.8,Approve +5.8%
2022-07,disapprove_var,41.1,5.8,Approve +5.8%
2022-08,approve,48.3,5.0,Approve +5.0%
2022-08,disapprove,43.3,5.0,Approve +5.0%
2022-08,approve_var,50.0,5.0,Approve +5.0%
2022-08,approve_var,45.7,5.0,Approve +5.0%
2022-08,approve_var,45.9,5.0,Approve +5.0%
2022-08,approve_var,45.5,5.0,Approve +5.0%
2022-08,approve_var,51.2,5.0,Approve +5.0%
2022-08,approve_var,47.2,5.0,Approve +5.0%
2022-08,approve_var,46.2,5.0,Approve +5.0%
2022-08,approve_var,49.5,5.0,Approve +5.0%
2022-08,approve_var,49.3,5.0,Approve +5.0%
2022-08,approve_var,49.6,5.0,Approve +5.0%
2022-08,disapprove_var,44.9,5.0,Approve +5.0%
2022-08,disapprove_var,40.7,5.0,Approve +5.0%
2022-08,disapprove_var,44.4,5.0,Approve +5.0%
2022-08,disapprove_var,40.4,5.0,Approve +5.0%
2022-08,disapprove_var,45.3,5.0,Approve +5.0%
2022-08,disapprove_var,42.2,5.0,Approve +5.0%
2022-08,disapprove_var,45.9,5.0,Approve +5.0%
2022-08,disapprove_var,45.0,5.0,Approve +5.0%
2022-08,disapprove_var,40.8,5.0,Approve +5.0%
2022-08,disapprove_var,43.8,5.0,Approve +5.0%
2022-09,approve,47.9,4.2,Approve +4.2%
2022-09,disapprove,43.8,4.2,Approve +4.2%
2022-09,approve_var,50.4,4.2,Approve +4.2%
2022-09,approve_var,46.4,4.2,Approve +4.2%
2022-09,approve_var,49.8,4.2,Approve +4.2%
2022-09,approve_var,48.0,4.2,Approve +4.2%
2022-09,approve_var,50.4,4.2,Approve +4.2%
2022-09,approve_var,46.1,4.2,Approve +4.2%
2022-09,approve_var,50.2,4.2,Approve +4.2%
2022-09,approve_var,49.8,4.2,Approve +4.2%
2022-09,approve_var,48.6,4.2,Approve +4.2%
2022-09,approve_var,45.3,4.2,Approve +4.2%
2022-09,disapprove_var,43.6,4.2,Approve +4.2%
2022-09,disapprove_var,41.3,4.2,Approve +4.2%
2022-09,disapprove_var,44.2,4.2,Approve +4.2%
2022-09,disapprove_var,41.0,4.2,Approve +4.2%
2022-09,disapprove_var,44.0,4.2,Approve +4.2%
2022-09,disapprove_var,44.2,4.2,Approve +4.2%
2022-09,disapprove_var,44.5,4.2,Approve +4.2%
2022-09,disapprove_var,42.6,4.2,Approve +4.2%
2022-09,disapprove_var,46.7,4.2,Approve +4.2%
2022-09,disapprove_var,45.2,4.2,Approve +4.2%
2022-10,approve,47.6,3.4,Approve +3.4%
2022-10,disapprove,44.2,3.4,Approve +3.4%
2022-10,approve_var,49.2,3.4,Approve +3.4%
2022-10,approve_var,48.4,3.4,Approve +3.4%
2022-10,approve_var,50.2,3.4,Approve +3.4%
2022-10,approve_var,47.1,3.4,Approve +3.4%
2022-10,approve_var,49.7,3.4,Approve +3.4%
2022-10,approve_var,45.8,3.4,Approve +3.4%
2022-10,approve_var,49.1,3.4,Approve +3.4%
2022-10,approve_var,45.4,3.4,Approve +3.4%
2022-10,approve_var,45.1,3.4,Approve +3.4%
2022-10,approve_var,46.9,3.4,Approve +3.4%
2022-10,disapprove_var,47.2,3.4,Approve +3.4%
2022-10,disapprove_var,42.3,3.4,Approve +3.4%
2022-10,disapprove_var,45.5,3.4,Approve +3.4%
2022-10,disapprove_var,41.4,3.4,Approve +3.4%
2022-10,disapprove_var,44.4,3.4,Approve +3.4%
2022-10,disapprove_var,45.3,3.4,Approve +3.4%
2022-10,disapprove_var,43.9,3.4,Approve +3.4%
2022-10,disapprove_var,42.2,3.4,Approve +3.4%
2022-10,disapprove_var,41.6,3.4,Approve +3.4%
2022-10,disapprove_var,45.8,3.4,Approve +3.4%
2022-11,approve,47.2,2.6,Approve +2.6%
2022-11,disapprove,44.6,2.6,Approve +2.6%
2022-11,approve_var,47.3,2.6,Approve +2.6%
2022-11,approve_var,46.8,2.6,Approve +2.6%
2022-11,approve_var,46.0,2.6,Approve +2.6%
2022-11,approve_var,45.5,2.6,Approve +2.6%
2022-11,approve_var,45.8,2.6,Approve +2.6%
2022-11,approve_var,46.1,2.6,Approve +2.6%
2022-11,approve_var,47.3,2.6,Approve +2.6%
2022-11,approve_var,49.6,2.6,Approve +2.6%
2022-11,approve_var,46.5,2.6,Approve +2.6%
2022-11,approve_var,49.9,2.6,Approve +2.6%
2022-11,disapprove_var,43.3,2.6,Approve +2.6%
2022-11,disapprove_var,44.0,2.6,Approve +2.6%
2022-11,disapprove_var,45.9,2.6,Approve +2.6%
2022-11,disapprove_var,43.7,2.6,Approve +2.6%
2022-11,disapprove_var,44.7,2.6,Approve +2.6%
2022-11,disapprove_var,45.0,2.6,Approve +2.6%
2022-11,disapprove_var,47.2,2.6,Approve +2.6%
2022-11,disapprove_var,44.3,2.6,Approve +2.6%
2022-11,disapprove_var,45.4,2.6,Approve +2.6%
2022-11,disapprove_var,42.1,2.6,Approve +2.6%
2022-12,approve,46.9,1.8,Approve +1.8%
2022-12,disapprove,45.1,1.8,Approve +1.8%
2022-12,approve_var,43.9,1.8,Approve +1.8%
2022-12,approve_var,46.4,1.8,Approve +1.8%
2022-12,approve_var,45.7,1.8,Approve +1.8%
2022-12,approve_var,48.5,1.8,Approve +1.8%
2022-12,approve_var,45.6,1.8,Approve +1.8%
2022-12,approve_var,44.7,1.8,Approve +1.8%
2022-12,approve_var,44.6,1.8,Approve +1.8%
2022-12,approve_var,47.9,1.8,Approve +1.8%
2022-12,approve_var,49.0,1.8,Approve +1.8%
2022-12,approve_var,44.4,1.8,Approve +1.8%
2022-12,disapprove_var,42.6,1.8,Approve +1.8%
2022-12,disapprove_var,43.7,1.8,Approve +1.8%
2022-12,disapprove_var,42.4,1.8,Approve +1.8%
2022-12,disapprove_var,45.7,1.8,Approve +1.8%
2022-12,disapprove_var,47.4,1.8,Approve +1.8%
2022-12,disapprove_var,44.8,1.8,Approve +1.8%
2022-12,disapprove_var,45.9,1.8,Approve +1.8%
2022-12,disapprove_var,42.7,1.8,Approve +1.8%
2022-12,disapprove_var,46.7,1.8,Approve +1.8%
2022-12,disapprove_var,43.0,1.8,Approve +1.8%
2023-01,approve,46.5,1.0,Approve +1.0%
2023-01,disapprove,45.5,1.0,Approve +1.0%
2023-01,approve_var,49.1,1.0,Approve +1.0%
2023-01,approve_var,47.4,1.0,Approve +1.0%
2023-01,approve_var,44.1,1.0,Approve +1.0%
2023-01,approve_var,44.8,1.0,Approve +1.0%
2023-01,approve_var,43.7,1.0,Approve +1.0%
2023-01,approve_var,49.0,1.0,Approve +1.0%
2023-01,approve_var,44.9,1.0,Approve +1.0%
2023-01,approve_var,46.6,1.0,Approve +1.0%
2023-01,approve_var,45.1,1.0,Approve +1.0%
2023-01,approve_var,48.8,1.0,Approve +1.0%
2023-01,disapprove_var,46.2,1.0,Approve +1.0%
2023-01,disapprove_var,43.1,1.0,Approve +1.0%
2023-01,disapprove_var,46.0,1.0,Approve +1.0%
2023-01,disapprove_var,44.5,1.0,Approve +1.0%
2023-01,disapprove_var,43.1,1.0,Approve +1.0%
2023-01,disapprove_var,47.4,1.0,Approve +1.0%
2023-01,disapprove_var,43.1,1.0,Approve +1.0%
2023-01,disapprove_var,46.1,1.0,Approve +1.0%
2023-01,disapprove_var,47.6,1.0,Approve +1.0%
2023-01,disapprove_var,47.7,1.0,Approve +1.0%
2023-02,approve,46.1,0.2,Approve +0.2%
2023-02,disapprove,45.9,0.2,Approve +0.2%
2023-02,approve_var,46.7,0.2,Approve +0.2%
2023-02,approve_var,47.3,0.2,Approve +0.2%
2023-02,approve_var,46.0,0.2,Approve +0.2%
2023-02,approve_var,48.7,0.2,Approve +0.2%
2023-02,approve_var,43.6,0.2,Approve +0.2%
2023-02,approve_var,49.0,0.2,Approve +0.2%
2023-02,approve_var,47.9,0.2,Approve +0.2%
2023-02,approve_var,46.3,0.2,Approve +0.2%
2023-02,approve_var,47.9,0.2,Approve +0.2%
2023-02,approve_var,46.4,0.2,Approve +0.2%
2023-02,disapprove_var,43.4,0.2,Approve +0.2%
2023-02,disapprove_var,43.4,0.2,Approve +0.2%
2023-02,disapprove_var,45.6,0.2,Approve +0.2%
2023-02,disapprove_var,43.5,0.2,Approve +0.2%
2023-02,disapprove_var,47.5,0.2,Approve +0.2%
2023-02,disapprove_var,47.8,0.2,Approve +0.2%
2023-02,disapprove_var,45.5,0.2,Approve +0.2%
2023-02,disapprove_var,48.2,0.2,Approve +0.2%
2023-02,disapprove_var,45.9,0.2,Approve +0.2%
2023-02,disapprove_var,45.3,0.2,Approve +0.2%
2023-03,approve,45.8,-0.6,Disapprove 0.6%
2023-03,disapprove,46.4,-0.6,Disapprove 0.6%
2023-03,approve_var,48.3,-0.6,Disapprove 0.6%
2023-03,approve_var,43.1,-0.6,Disapprove 0.6%
2023-03,approve_var,46.0,-0.6,Disapprove 0.6%
2023-03,approve_var,46.0,-0.6,Disapprove 0.6%
2023-03,approve_var,44.1,-0.6,Disapprove 0.6%
2023-03,approve_var,46.6,-0.6,Disapprove 0.6%
2023-03,approve_var,47.9,-0.6,Disapprove 0.6%
2023-03,approve_var,45.8,-0.6,Disapprove 0.6%
2023-03,approve_var,47.5,-0.6,Disapprove 0.6%
2023-03,approve_var,43.8,-0.6,Disapprove 0.6%
2023-03,disapprove_var,44.1,-0.6,Disapprove 0.6%
2023-03,disapprove_var,47.8,-0.6,Disapprove 0.6%
2023-03,disapprove_var,47.2,-0.6,Disapprove 0.6%
2023-03,disapprove_var,46.3,-0.6,Disapprove 0.6%
2023-03,disapprove_var,49.4,-0.6,Disapprove 0.6%
2023-03,disapprove_var,48.8,-0.6,Disapprove 0.6%
2023-03,disapprove_var,48.8,-0.6,Disapprove 0.6%
2023-03,disapprove_var,46.5,-0.6,Disapprove 0.6%
2023-03,disapprove_var,49.3,-0.6,Disapprove 0.6%
2023-03,disapprove_var,47.4,-0.6,Disapprove 0.6%
2023-04,approve,45.4,-1.4,Disapprove 1.4%
2023-04,disapprove,46.8,-1.4,Disapprove 1.4%
2023-04,approve_var,45.8,-1.4,Disapprove 1.4%
2023-04,approve_var,44.9,-1.4,Disapprove 1.4%
2023-04,approve_var,47.1,-1.4,Disapprove 1.4%
2023-04,approve_var,44.1,-1.4,Disapprove 1.4%
2023-04,approve_var,44.2,-1.4,Disapprove 1.4%
2023-04,approve_var,47.2,-1.4,Disapprove 1.4%
2023-04,approve_var,46.8,-1.4,Disapprove 1.4%
2023-04,approve_var,42.5,-1.4,Disapprove 1.4%
2023-04,approve_var,47.3,-1.4,Disapprove 1.4%
2023-04,approve_var,43.6,-1.4,Disapprove 1.4%
2023-04,disapprove_var,47.5,-1.4,Disapprove 1.4%
2023-04,disapprove_var,45.8,-1.4,Disapprove 1.4%
2023-04,disapprove_var,44.0,-1.4,Disapprove 1.4%
2023-04,disapprove_var,46.7,-1.4,Disapprove 1.4%
2023-04,disapprove_var,48.8,-1.4,Disapprove 1.4%
2023-04,disapprove_var,45.5,-1.4,Disapprove 1.4%
2023-04,disapprove_var,47.3,-1.4,Disapprove 1.4%
2023-04,disapprove_var,48.8,-1.4,Disapprove 1.4%
2023-04,disapprove_var,45.3,-1.4,Disapprove 1.4%
2023-04,disapprove_var,44.0,-1.4,Disapprove 1.4%
2023-05,approve,45.1,-2.2,Disapprove 2.2%
2023-05,disapprove,47.2,-2.2,Disapprove 2.2%
2023-05,approve_var,47.6,-2.2,Disapprove 2.2%
2023-05,approve_var,42.6,-2.2,Disapprove 2.2%
2023-05,approve_var,43.3,-2.2,Disapprove 2.2%
2023-05,approve_var,46.2,-2.2,Disapprove 2.2%
2023-05,approve_var,47.3,-2.2,Disapprove 2.2%
2023-05,approve_var,46.6,-2.2,Disapprove 2.2%
2023-05,approve_var,45.5,-2.2,Disapprove 2.2%
2023-05,approve_var,45.8,-2.2,Disapprove 2.2%
2023-05,approve_var,46.3,-2.2,Disapprove 2.2%
2023-05,approve_var,43.5,-2.2,Disapprove 2.2%
2023-05,disapprove_var,44.8,-2.2,Disapprove 2.2%
2023-05,disapprove_var,45.1,-2.2,Disapprove 2.2%
2023-05,disapprove_var,49.2,-2.2,Disapprove 2.2%
2023-05,disapprove_var,48.0,-2.2,Disapprove 2.2%
2023-05,disapprove_var,46.3,-2.2,Disapprove 2.2%
2023-05,disapprove_var,46.8,-2.2,Disapprove 2.2%
2023-05,disapprove_var,45.0,-2.2,Disapprove 2.2%
2023-05,disapprove_var,48.2,-2.2,Disapprove 2.2%
2023-05,disapprove_var,47.3,-2.2,Disapprove 2.2%
2023-05,disapprove_var,49.4,-2.2,Disapprove 2.2%
2023-06,approve,44.7,-3.0,Disapprove 3.0%
2023-06,disapprove,47.7,-3.0,Disapprove 3.0%
2023-06,approve_var,47.0,-3.0,Disapprove 3.0%
2023-06,approve_var,44.7,-3.0,Disapprove 3.0%
2023-06,approve_var,45.5,-3.0,Disapprove 3.0%
2023-06,approve_var,47.0,-3.0,Disapprove 3.0%
2023-06,approve_var,46.4,-3.0,Disapprove 3.0%
2023-06,approve_var,44.9,-3.0,Disapprove 3.0%
2023-06,approve_var,45.3,-3.0,Disapprove 3.0%
2023-06,approve_var,44.2,-3.0,Disapprove 3.0%
2023-06,approve_var,46.4,-3.0,Disapprove 3.0%
2023-06,approve_var,45.7,-3.0,Disapprove 3.0%
2023-06,disapprove_var,48.9,-3.0,Disapprove 3.0%
2023-06,disapprove_var,49.5,-3.0,Disapprove 3.0%
2023-06,disapprove_var,49.5,-3.0,Disapprove 3.0%
2023-06,disapprove_var,47.6,-3.0,Disapprove 3.0%
2023-06,disapprove_var,49.2,-3.0,Disapprove 3.0%
2023-06,disapprove_var,46.1,-3.0,Disapprove 3.0%
2023-06,disapprove_var,49.7,-3.0,Disapprove 3.0%
2023-06,disapprove_var,45.4,-3.0,Disapprove 3.0%
2023-06,disapprove_var,49.1,-3.0,Disapprove 3.0%
2023-06,disapprove_var,50.2,-3.0,Disapprove 3.0%
2023-07,approve,44.4,-3.8,Disapprove 3.8%
2023-07,disapprove,48.1,-3.8,Disapprove 3.8%
2023-07,approve_var,47.0,-3.8,Disapprove 3.8%
2023-07,approve_var,44.7,-3.8,Disapprove 3.8%
2023-07,approve_var,44.0,-3.8,Disapprove 3.8%
2023-07,approve_var,41.8,-3.8,Disapprove 3.8%
2023-07,approve_var,44.2,-3.8,Disapprove 3.8%
2023-07,approve_var,43.6,-3.8,Disapprove 3.8%
2023-07,approve_var,45.9,-3.8,Disapprove 3.8%
2023-07,approve_var,47.2,-3.8,Disapprove 3.8%
2023-07,approve_var,46.2,-3.8,Disapprove 3.8%
2023-07,approve_var,45.1,-3.8,Disapprove 3.8%
2023-07,disapprove_var,50.3,-3.8,Disapprove 3.8%
2023-07,disapprove_var,49.1,-3.8,Disapprove 3.8%
2023-07,disapprove_var,48.2,-3.8,Disapprove 3.8%
2023-07,disapprove_var,49.6,-3.8,Disapprove 3.8%
2023-07,disapprove_var,50.1,-3.8,Disapprove 3.8%
2023-07,disapprove_var,47.0,-3.8,Disapprove 3.8%
2023-07,disapprove_var,49.5,-3.8,Disapprove 3.8%
2023-07,disapprove_var,50.7,-3.8,Disapprove 3.8%
2023-07,disapprove_var,49.5,-3.8,Disapprove 3.8%
2023-07,disapprove_var,46.1,-3.8,Disapprove 3.8%
2023-08,approve,44.0,-4.5,Disapprove 4.5%
2023-08,disapprove,48.6,-4.5,Disapprove 4.5%
2023-08,approve_var,44.2,-4.5,Disapprove 4.5%
2023-08,approve_var,46.5,-4.5,Disapprove 4.5%
2023-08,approve_var,42.7,-4.5,Disapprove 4.5%
2023-08,approve_var,42.4,-4.5,Disapprove 4.5%
2023-08,approve_var,41.6,-4.5,Disapprove 4.5%
2023-08,approve_var,44.2,-4.5,Disapprove 4.5%
2023-08,approve_var,45.4,-4.5,Disapprove 4.5%
2023-08,approve_var,47.0,-4.5,Disapprove 4.5%
2023-08,approve_var,41.7,-4.5,Disapprove 4.5%
2023-08,approve_var,46.7,-4.5,Disapprove 4.5%
2023-08,disapprove_var,47.5,-4.5,Disapprove 4.5%
2023-08,disapprove_var,45.7,-4.5,Disapprove 4.5%
2023-08,disapprove_var,50.9,-4.5,Disapprove 4.5%
2023-08,disapprove_var,47.9,-4.5,Disapprove 4.5%
2023-08,disapprove_var,48.9,-4.5,Disapprove 4.5%
2023-08,disapprove_var,46.1,-4.5,Disapprove 4.5%
2023-08,disapprove_var,50.6,-4.5,Disapprove 4.5%
2023-08,disapprove_var,48.5,-4.5,Disapprove 4.5%
2023-08,disapprove_var,48.5,-4.5,Disapprove 4.5%
2023-08,disapprove_var,48.1,-4.5,Disapprove 4.5%
2023-09,approve,43.7,-5.3,Disapprove 5.3%
2023-09,disapprove,49.0,-5.3,Disapprove 5.3%
2023-09,approve_var,41.1,-5.3,Disapprove 5.3%
2023-09,approve_var,45.6,-5.3,Disapprove 5.3%
2023-09,approve_var,46.2,-5.3,Disapprove 5.3%
2023-09,approve_var,41.2,-5.3,Disapprove 5.3%
2023-09,approve_var,41.3,-5.3,Disapprove 5.3%
2023-09,approve_var,46.5,-5.3,Disapprove 5.3%
2023-09,approve_var,43.2,-5.3,Disapprove 5.3%
2023-09,approve_var,43.8,-5.3,Disapprove 5.3%
2023-09,approve_var,44.6,-5.3,Disapprove 5.3%
2023-09,approve_var,46.3,-5.3,Disapprove 5.3%
2023-09,disapprove_var,47.5,-5.3,Disapprove 5.3%
2023-09,disapprove_var,47.7,-5.3,Disapprove 5.3%
2023-09,disapprove_var,46.2,-5.3,Disapprove 5.3%
2023-09,disapprove_var,51.8,-5.3,Disapprove 5.3%
2023-09,disapprove_var,46.2,-5.3,Disapprove 5.3%
2023-09,disapprove_var,51.9,-5.3,Disapprove 5.3%
2023-09,disapprove_var,52.0,-5.3,Disapprove 5.3%
2023-09,disapprove_var,49.9,-5.3,Disapprove 5.3%
2023-09,disapprove_var,51.6,-5.3,Disapprove 5.3%
2023-09,disapprove_var,51.0,-5.3,Disapprove 5.3%
2023-10,approve,43.3,-6.1,Disapprove 6.1%
2023-10,disapprove,49.4,-6.1,Disapprove 6.1%
2023-10,approve_var,42.5,-6.1,Disapprove 6.1%
2023-10,approve_var,40.4,-6.1,Disapprove 6.1%
2023-10,approve_var,45.9,-6.1,Disapprove 6.1%
2023-10,approve_var,46.2,-6.1,Disapprove 6.1%
2023-10,approve_var,41.1,-6.1,Disapprove 6.1%
2023-10,approve_var,43.3,-6.1,Disapprove 6.1%
2023-10,approve_var,41.9,-6.1,Disapprove 6.1%
2023-10,approve_var,42.2,-6.1,Disapprove 6.1%
2023-10,approve_var,45.8,-6.1,Disapprove 6.1%
2023-10,approve_var,43.8,-6.1,Disapprove 6.1%
2023-10,disapprove_var,48.6,-6.1,Disapprove 6.1%
2023-10,disapprove_var,48.5,-6.1,Disapprove 6.1%
2023-10,disapprove_var,47.5,-6.1,Disapprove 6.1%
2023-10,disapprove_var,51.6,-6.1,Disapprove 6.1%
2023-10,disapprove_var,48.6,-6.1,Disapprove 6.1%
2023-10,disapprove_var,50.8,-6.1,Disapprove 6.1%
2023-10,disapprove_var,49.5,-6.1,Disapprove 6.1%
2023-10,disapprove_var,49.7,-6.1,Disapprove 6.1%
2023-10,disapprove_var,52.0,-6.1,Disapprove 6.1%
2023-10,disapprove_var,47.1,-6.1,Disapprove 6.1%
2023-11,approve,43.0,-6.9,Disapprove 6.9%
2023-11,disapprove,49.9,-6.9,Disapprove 6.9%
2023-11,approve_var,44.6,-6.9,Disapprove 6.9%
2023-11,approve_var,42.4,-6.9,Disapprove 6.9%
2023-11,approve_var,45.8,-6.9,Disapprove 6.9%
2023-11,approve_var,40.7,-6.9,Disapprove 6.9%
2023-11,approve_var,44.7,-6.9,Disapprove 6.9%
2023-11,approve_var,43.6,-6.9,Disapprove 6.9%
2023-11,approve_var,44.3,-6.9,Disapprove 6.9%
2023-11,approve_var,42.8,-6.9,Disapprove 6.9%
2023-11,approve_var,41.5,-6.9,Disapprove 6.9%
2023-11,approve_var,42.4,-6.9,Disapprove 6.9%
2023-11,disapprove_var,47.1,-6.9,Disapprove 6.9%
2023-11,disapprove_var,47.1,-6.9,Disapprove 6.9%
2023-11,disapprove_var,49.3,-6.9,Disapprove 6.9%
2023-11,disapprove_var,51.8,-6.9,Disapprove 6.9%
2023-11,disapprove_var,49.2,-6.9,Disapprove 6.9%
2023-11,disapprove_var,50.0,-6.9,Disapprove 6.9%
2023-11,disapprove_var,46.9,-6.9,Disapprove 6.9%
2023-11,disapprove_var,52.0,-6.9,Disapprove 6.9%
2023-11,disapprove_var,52.0,-6.9,Disapprove 6.9%
2023-11,disapprove_var,51.5,-6.9,Disapprove 6.9%
2023-12,approve,42.6,-7.7,Disapprove 7.7%
2023-12,disapprove,50.3,-7.7,Disapprove 7.7%
2023-12,approve_var,45.5,-7.7,Disapprove 7.7%
2023-12,approve_var,40.9,-7.7,Disapprove 7.7%
2023-12,approve_var,44.1,-7.7,Disapprove 7.7%
2023-12,approve_var,44.3,-7.7,Disapprove 7.7%
2023-12,approve_var,45.2,-7.7,Disapprove 7.7%
2023-12,approve_var,39.6,-7.7,Disapprove 7.7%
2023-12,approve_var,45.1,-7.7,Disapprove 7.7%
2023-12,approve_var,44.5,-7.7,Disapprove 7.7%
2023-12,approve_var,39.8,-7.7,Disapprove 7.7%
2023-12,approve_var,40.0,-7.7,Disapprove 7.7%
2023-12,disapprove_var,52.5,-7.7,Disapprove 7.7%
2023-12,disapprove_var,51.9,-7.7,Disapprove 7.7%
2023-12,disapprove_var,50.1,-7.7,Disapprove 7.7%
2023-12,disapprove_var,48.9,-7.7,Disapprove 7.7%
2023-12,disapprove_var,52.6,-7.7,Disapprove 7.7%
2023-12,disapprove_var,48.5,-7.7,Disapprove 7.7%
2023-12,disapprove_var,49.5,-7.7,Disapprove 7.7%
2023-12,disapprove_var,51.3,-7.7,Disapprove 7.7%
2023-12,disapprove_var,48.6,-7.7,Disapprove 7.7%
2023-12,disapprove_var,52.5,-7.7,Disapprove 7.7%
2024-01,approve,42.2,-8.5,Disapprove 8.5%
2024-01,disapprove,50.8,-8.5,Disapprove 8.5%
2024-01,approve_var,45.2,-8.5,Disapprove 8.5%
2024-01,approve_var,44.3,-8.5,Disapprove 8.5%
2024-01,approve_var,42.3,-8.5,Disapprove 8.5%
2024-01,approve_var,39.5,-8.5,Disapprove 8.5%
2024-01,approve_var,44.9,-8.5,Disapprove 8.5%
2024-01,approve_var,42.7,-8.5,Disapprove 8.5%
2024-01,approve_var,41.6,-8.5,Disapprove 8.5%
2024-01,approve_var,40.5,-8.5,Disapprove 8.5%
2024-01,approve_var,45.2,-8.5,Disapprove 8.5%
2024-01,approve_var,42.6,-8.5,Disapprove 8.5%
2024-01,disapprove_var,52.3,-8.5,Disapprove 8.5%
2024-01,disapprove_var,49.7,-8.5,Disapprove 8.5%
2024-01,disapprove_var,53.5,-8.5,Disapprove 8.5%
2024-01,disapprove_var,51.4,-8.5,Disapprove 8.5%
2024-01,disapprove_var,51.6,-8.5,Disapprove 8.5%
2024-01,disapprove_var,48.1,-8.5,Disapprove 8.5%
2024-01,disapprove_var,48.5,-8.5,Disapprove 8.5%
2024-01,disapprove_var,49.5,-8.5,Disapprove 8.5%
2024-01,disapprove_var,53.1,-8.5,Disapprove 8.5%
2024-01,disapprove_var,50.5,-8.5,Disapprove 8.5%
2024-02,approve,41.9,-9.3,Disapprove 9.3%
2024-02,disapprove,51.2,-9.3,Disapprove 9.3%
2024-02,approve_var,40.6,-9.3,Disapprove 9.3%
2024-02,approve_var,40.2,-9.3,Disapprove 9.3%
2024-02,approve_var,41.9,-9.3,Disapprove 9.3%
2024-02,approve_var,42.0,-9.3,Disapprove 9.3%
2024-02,approve_var,39.9,-9.3,Disapprove 9.3%
2024-02,approve_var,42.9,-9.3,Disapprove 9.3%
2024-02,approve_var,43.4,-9.3,Disapprove 9.3%
2024-02,approve_var,40.8,-9.3,Disapprove 9.3%
2024-02,approve_var,41.5,-9.3,Disapprove 9.3%
2024-02,approve_var,43.3,-9.3,Disapprove 9.3%
2024-02,disapprove_var,52.7,-9.3,Disapprove 9.3%
2024-02,disapprove_var,51.1,-9.3,Disapprove 9.3%
2024-02,disapprove_var,48.5,-9.3,Disapprove 9.3%
2024-02,disapprove_var,51.4,-9.3,Disapprove 9.3%
2024-02,disapprove_var,51.8,-9.3,Disapprove 9.3%
2024-02,disapprove_var,53.4,-9.3,Disapprove 9.3%
2024-02,disapprove_var,51.7,-9.3,Disapprove 9.3%
2024-02,disapprove_var,53.9,-9.3,Disapprove 9.3%
2024-02,disapprove_var,51.4,-9.3,Disapprove 9.3%
2024-02,disapprove_var,52.1,-9.3,Disapprove 9.3%
2024-03,approve,41.5,-10.1,Disapprove 10.1%
2024-03,disapprove,51.6,-10.1,Disapprove 10.1%
2024-03,approve_var,40.9,-10.1,Disapprove 10.1%
2024-03,approve_var,40.0,-10.1,Disapprove 10.1%
2024-03,approve_var,39.1,-10.1,Disapprove 10.1%
2024-03,approve_var,42.0,-10.1,Disapprove 10.1%
2024-03,approve_var,40.7,-10.1,Disapprove 10.1%
2024-03,approve_var,43.8,-10.1,Disapprove 10.1%
2024-03,approve_var,44.5,-10.1,Disapprove 10.1%
2024-03,approve_var,43.6,-10.1,Disapprove 10.1%
2024-03,approve_var,41.2,-10.1,Disapprove 10.1%
2024-03,approve_var,43.5,-10.1,Disapprove 10.1%
2024-03,disapprove_var,54.5,-10.1,Disapprove 10.1%
2024-03,disapprove_var,53.7,-10.1,Disapprove 10.1%
2024-03,disapprove_var,52.3,-10.1,Disapprove 10.1%
2024-03,disapprove_var,52.1,-10.1,Disapprove 10.1%
2024-03,disapprove_var,49.6,-10.1,Disapprove 10.1%
2024-03,disapprove_var,52.7,-10.1,Disapprove 10.1%
2024-03,disapprove_var,54.0,-10.1,Disapprove 10.1%
2024-03,disapprove_var,52.4,-10.1,Disapprove 10.1%
2024-03,disapprove_var,50.4,-10.1,Disapprove 10.1%
2024-03,disapprove_var,53.1,-10.1,Disapprove 10.1%
2024-04,approve,41.2,-10.9,Disapprove 10.9%
2024-04,disapprove,52.1,-10.9,Disapprove 10.9%
2024-04,approve_var,41.7,-10.9,Disapprove 10.9%
2024-04,approve_var,41.1,-10.9,Disapprove 10.9%
2024-04,approve_var,42.6,-10.9,Disapprove 10.9%
2024-04,approve_var,41.3,-10.9,Disapprove 10.9%
2024-04,approve_var,40.9,-10.9,Disapprove 10.9%
2024-04,approve_var,43.5,-10.9,Disapprove 10.9%
2024-04,approve_var,41.0,-10.9,Disapprove 10.9%
2024-04,approve_var,43.5,-10.9,Disapprove 10.9%
2024-04,approve_var,43.4,-10.9,Disapprove 10.9%
2024-04,approve_var,41.3,-10.9,Disapprove 10.9%
2024-04,disapprove_var,54.1,-10.9,Disapprove 10.9%
2024-04,disapprove_var,49.7,-10.9,Disapprove 10.9%
2024-04,disapprove_var,52.0,-10.9,Disapprove 10.9%
2024-04,disapprove_var,52.4,-10.9,Disapprove 10.9%
2024-04,disapprove_var,54.5,-10.9,Disapprove 10.9%
2024-04,disapprove_var,49.6,-10.9,Disapprove 10.9%
2024-04,disapprove_var,55.0,-10.9,Disapprove 10.9%
2024-04,disapprove_var,50.7,-10.9,Disapprove 10.9%
2024-04,disapprove_var,51.8,-10.9,Disapprove 10.9%
2024-04,disapprove_var,54.0,-10.9,Disapprove 10.9%
2024-05,approve,40.8,-11.7,Disapprove 11.7%
2024-05,disapprove,52.5,-11.7,Disapprove 11.7%
2024-05,approve_var,42.3,-11.7,Disapprove 11.7%
2024-05,approve_var,40.6,-11.7,Disapprove 11.7%
2024-05,approve_var,37.9,-11.7,Disapprove 11.7%
2024-05,approve_var,38.7,-11.7,Disapprove 11.7%
2024-05,approve_var,42.2,-11.7,Disapprove 11.7%
2024-05,approve_var,43.4,-11.7,Disapprove 11.7%
2024-05,approve_var,41.3,-11.7,Disapprove 11.7%
2024-05,approve_var,40.1,-11.7,Disapprove 11.7%
2024-05,approve_var,39.2,-11.7,Disapprove 11.7%
2024-05,approve_var,40.1,-11.7,Disapprove 11.7%
2024-05,disapprove_var,50.7,-11.7,Disapprove 11.7%
2024-05,disapprove_var,50.1,-11.7,Disapprove 11.7%
2024-05,disapprove_var,55.0,-11.7,Disapprove 11.7%
2024-05,disapprove_var,52.7,-11.7,Disapprove 11.7%
2024-05,disapprove_var,49.8,-11.7,Disapprove 11.7%
2024-05,disapprove_var,50.5,-11.7,Disapprove 11.7%
2024-05,disapprove_var,51.6,-11.7,Disapprove 11.7%
2024-05,disapprove_var,51.4,-11.7,Disapprove 11.7%
2024-05,disapprove_var,51.1,-11.7,Disapprove 11.7%
2024-05,disapprove_var,52.6,-11.7,Disapprove 11.7%
2024-06,approve,40.5,-12.5,Disapprove 12.5%
2024-06,disapprove,52.9,-12.5,Disapprove 12.5%
2024-06,approve_var,40.5,-12.5,Disapprove 12.5%
2024-06,approve_var,37.6,-12.5,Disapprove 12.5%
2024-06,approve_var,42.4,-12.5,Disapprove 12.5%
2024-06,approve_var,43.0,-12.5,Disapprove 12.5%
2024-06,approve_var,39.9,-12.5,Disapprove 12.5%
2024-06,approve_var,38.7,-12.5,Disapprove 12.5%
2024-06,approve_var,41.5,-12.5,Disapprove 12.5%
2024-06,approve_var,39.6,-12.5,Disapprove 12.5%
2024-06,approve_var,39.3,-12.5,Disapprove 12.5%
2024-06,approve_var,43.4,-12.5,Disapprove 12.5%
2024-06,disapprove_var,54.2,-12.5,Disapprove 12.5%
2024-06,disapprove_var,50.0,-12.5,Disapprove 12.5%
2024-06,disapprove_var,51.0,-12.5,Disapprove 12.5%
2024-06,disapprove_var,51.7,-12.5,Disapprove 12.5%
2024-06,disapprove_var,51.4,-12.5,Disapprove 12.5%
2024-06,disapprove_var,55.1,-12.5,Disapprove 12.5%
2024-06,disapprove_var,55.2,-12.5,Disapprove 12.5%
2024-06,disapprove_var,50.6,-12.5,Disapprove 12.5%
2024-06,disapprove_var,54.4,-12.5,Disapprove 12.5%
2024-06,disapprove_var,52.1,-12.5,Disapprove 12.5%
2024-07,approve,40.1,-13.2,Disapprove 13.2%
2024-07,disapprove,53.4,-13.2,Disapprove 13.2%
2024-07,approve_var,41.4,-13.2,Disapprove 13.2%
2024-07,approve_var,42.8,-13.2,Disapprove 13.2%
2024-07,approve_var,37.3,-13.2,Disapprove 13.2%
2024-07,approve_var,40.5,-13.2,Disapprove 13.2%
2024-07,approve_var,38.7,-13.2,Disapprove 13.2%
2024-07,approve_var,41.0,-13.2,Disapprove 13.2%
2024-07,approve_var,40.8,-13.2,Disapprove 13.2%
2024-07,approve_var,39.5,-13.2,Disapprove 13.2%
2024-07,approve_var,42.1,-13.2,Disapprove 13.2%
2024-07,approve_var,40.6,-13.2,Disapprove 13.2%
2024-07,disapprove_var,51.6,-13.2,Disapprove 13.2%
2024-07,disapprove_var,51.9,-13.2,Disapprove 13.2%
2024-07,disapprove_var,51.2,-13.2,Disapprove 13.2%
2024-07,disapprove_var,50.6,-13.2,Disapprove 13.2%
2024-07,disapprove_var,55.2,-13.2,Disapprove 13.2%
2024-07,disapprove_var,53.2,-13.2,Disapprove 13.2%
2024-07,disapprove_var,53.4,-13.2,Disapprove 13.2%
2024-07,disapprove_var,54.7,-13.2,Disapprove 13.2%
2024-07,disapprove_var,52.0,-13.2,Disapprove 13.2%
2024-07,disapprove_var,53.9,-13.2,Disapprove 13.2%
2024-08,approve,39.8,-14.0,Disapprove 14.0%
2024-08,disapprove,53.8,-14.0,Disapprove 14.0%
2024-08,approve_var,42.3,-14.0,Disapprove 14.0%
2024-08,approve_var,42.4,-14.0,Disapprove 14.0%
2024-08,approve_var,37.0,-14.0,Disapprove 14.0%
2024-08,approve_var,40.8,-14.0,Disapprove 14.0%
2024-08,approve_var,37.4,-14.0,Disapprove 14.0%
2024-08,approve_var,40.8,-14.0,Disapprove 14.0%
2024-08,approve_var,38.9,-14.0,Disapprove 14.0%
2024-08,approve_var,42.4,-14.0,Disapprove 14.0%
2024-08,approve_var,37.3,-14.0,Disapprove 14.0%
2024-08,approve_var,40.3,-14.0,Disapprove 14.0%
2024-08,disapprove_var,54.9,-14.0,Disapprove 14.0%
2024-08,disapprove_var,54.6,-14.0,Disapprove 14.0%
2024-08,disapprove_var,55.6,-14.0,Disapprove 14.0%
2024-08,disapprove_var,52.4,-14.0,Disapprove 14.0%
2024-08,disapprove_var,56.5,-14.0,Disapprove 14.0%
2024-08,disapprove_var,53.6,-14.0,Disapprove 14.0%
2024-08,disapprove_var,54.4,-14.0,Disapprove 14.0%
2024-08,disapprove_var,56.4,-14.0,Disapprove 14.0%
2024-08,disapprove_var,51.1,-14.0,Disapprove 14.0%
2024-08,disapprove_var,50.9,-14.0,Disapprove 14.0%
2024-09,approve,39.4,-14.8,Disapprove 14.8%
2024-09,disapprove,54.2,-14.8,Disapprove 14.8%
2024-09,approve_var,38.1,-14.8,Disapprove 14.8%
2024-09,approve_var,40.0,-14.8,Disapprove 14.8%
2024-09,approve_var,39.8,-14.8,Disapprove 14.8%
2024-09,approve_var,41.4,-14.8,Disapprove 14.8%
2024-09,approve_var,42.3,-14.8,Disapprove 14.8%
2024-09,approve_var,39.1,-14.8,Disapprove 14.8%
2024-09,approve_var,40.4,-14.8,Disapprove 14.8%
2024-09,approve_var,36.8,-14.8,Disapprove 14.8%
2024-09,approve_var,40.0,-14.8,Disapprove 14.8%
2024-09,approve_var,38.8,-14.8,Disapprove 14.8%
2024-09,disapprove_var,54.2,-14.8,Disapprove 14.8%
2024-09,disapprove_var,53.0,-14.8,Disapprove 14.8%
2024-09,disapprove_var,51.5,-14.8,Disapprove 14.8%
2024-09,disapprove_var,55.8,-14.8,Disapprove 14.8%
2024-09,disapprove_var,51.4,-14.8,Disapprove 14.8%
2024-09,disapprove_var,52.1,-14.8,Disapprove 14.8%
2024-09,disapprove_var,53.6,-14.8,Disapprove 14.8%
2024-09,disapprove_var,54.3,-14.8,Disapprove 14.8%
2024-09,disapprove_var,54.9,-14.8,Disapprove 14.8%
2024-09,disapprove_var,53.2,-14.8,Disapprove 14.8%
2024-10,approve,39.1,-15.6,Disapprove 15.6%
2024-10,disapprove,54.7,-15.6,Disapprove 15.6%
2024-10,approve_var,40.6,-15.6,Disapprove 15.6%
2024-10,approve_var,37.8,-15.6,Disapprove 15.6%
2024-10,approve_var,38.1,-15.6,Disapprove 15.6%
2024-10,approve_var,37.6,-15.6,Disapprove 15.6%
2024-10,approve_var,39.2,-15.6,Disapprove 15.6%
2024-10,approve_var,41.0,-15.6,Disapprove 15.6%
2024-10,approve_var,37.3,-15.6,Disapprove 15.6%
2024-10,approve_var,38.2,-15.6,Disapprove 15.6%
2024-10,approve_var,39.1,-15.6,Disapprove 15.6%
2024-10,approve_var,37.8,-15.6,Disapprove 15.6%
2024-10,disapprove_var,54.2,-15.6,Disapprove 15.6%
2024-10,disapprove_var,53.7,-15.6,Disapprove 15.6%
2024-10,disapprove_var,57.0,-15.6,Disapprove 15.6%
2024-10,disapprove_var,53.9,-15.6,Disapprove 15.6%
2024-10,disapprove_var,52.6,-15.6,Disapprove 15.6%
2024-10,disapprove_var,57.1,-15.6,Disapprove 15.6%
2024-10,disapprove_var,52.5,-15.6,Disapprove 15.6%
2024-10,disapprove_var,55.0,-15.6,Disapprove 15.6%
2024-10,disapprove_var,55.8,-15.6,Disapprove 15.6%
2024-10,disapprove_var,56.5,-15.6,Disapprove 15.6%
2024-11,approve,38.7,-16.4,Disapprove 16.4%
2024-11,disapprove,55.1,-16.4,Disapprove 16.4%
2024-11,approve_var,40.5,-16.4,Disapprove 16.4%
2024-11,approve_var,37.4,-16.4,Disapprove 16.4%
2024-11,approve_var,38.7,-16.4,Disapprove 16.4%
2024-11,approve_var,38.2,-16.4,Disapprove 16.4%
2024-11,approve_var,41.0,-16.4,Disapprove 16.4%
2024-11,approve_var,41.1,-16.4,Disapprove 16.4%
2024-11,approve_var,40.2,-16.4,Disapprove 16.4%
2024-11,approve_var,36.2,-16.4,Disapprove 16.4%
2024-11,approve_var,39.8,-16.4,Disapprove 16.4%
2024-11,approve_var,41.5,-16.4,Disapprove 16.4%
2024-11,disapprove_var,55.7,-16.4,Disapprove 16.4%
2024-11,disapprove_var,53.3,-16.4,Disapprove 16.4%
2024-11,disapprove_var,55.0,-16.4,Disapprove 16.4%
2024-11,disapprove_var,54.6,-16.4,Disapprove 16.4%
2024-11,disapprove_var,53.4,-16.4,Disapprove 16.4%
2024-11,disapprove_var,55.5,-16.4,Disapprove 16.4%
2024-11,disapprove_var,54.9,-16.4,Disapprove 16.4%
2024-11,disapprove_var,56.5,-16.4,Disapprove 16.4%
2024-11,disapprove_var,57.3,-16.4,Disapprove 16.4%
2024-11,disapprove_var,56.0,-16.4,Disapprove 16.4%
2024-12,approve,38.4,-17.2,Disapprove 17.2%
2024-12,disapprove,55.6,-17.2,Disapprove 17.2%
2024-12,approve_var,37.9,-17.2,Disapprove 17.2%
2024-12,approve_var,37.0,-17.2,Disapprove 17.2%
2024-12,approve_var,39.2,-17.2,Disapprove 17.2%
2024-12,approve_var,38.0,-17.2,Disapprove 17.2%
2024-12,approve_var,38.0,-17.2,Disapprove 17.2%
2024-12,approve_var,41.0,-17.2,Disapprove 17.2%
2024-12,approve_var,35.6,-17.2,Disapprove 17.2%
2024-12,approve_var,40.5,-17.2,Disapprove 17.2%
2024-12,approve_var,35.6,-17.2,Disapprove 17.2%
2024-12,approve_var,41.2,-17.2,Disapprove 17.2%
2024-12,disapprove_var,57.4,-17.2,Disapprove 17.2%
2024-12,disapprove_var,58.1,-17.2,Disapprove 17.2%
2024-12,disapprove_var,56.9,-17.2,Disapprove 17.2%
2024-12,disapprove_var,53.6,-17.2,Disapprove 17.2%
2024-12,disapprove_var,53.5,-17.2,Disapprove 17.2%
2024-12,disapprove_var,54.0,-17.2,Disapprove 17.2%
2024-12,disapprove_var,57.3,-17.2,Disapprove 17.2%
2024-12,disapprove_var,54.6,-17.2,Disapprove 17.2%
2024-12,disapprove_var,56.3,-17.2,Disapprove 17.2%
2024-12,disapprove_var,52.6,-17.2,Disapprove 17.2%
